pick,round,pick_label,manager,player,kept,espn_adp,espn_category_rank,yahoo_adp,fantasypros_espn_adp,experts_rank,app_adp_estimate,season_value,per_game_value
1,1,1.01,Saksham,Victor Wembanyama,0,3.1,2,1,3,1,1.3,12.48,13.48
2,1,1.02,Jattan,Nikola Jokić,0,1.6,1,2,1,2,1.8,11.60,12.00
3,1,1.03,Cristian,Shai Gilgeous-Alexander,0,2.9,3,4,2,4,3.8,9.41,10.11
4,1,1.04,Sameer,Luka Dončić,0,3.6,4,3,4,3,3.3,8.63,8.71
5,1,1.05,Tyler,Anthony Edwards,0,7.2,5,13,6,6,5.8,5.35,5.35
6,1,1.06,Arjun,Cade Cunningham,0,8.1,11,5,7,5,6.5,4.29,3.13
7,1,1.07,Surya,Jayson Tatum,0,9.2,8,8,8,8,8,4.92,4.91
8,1,1.08,Satvik,Giannis Antetokounmpo,0,6,20,9,5,10,12.5,2.60,2.51
9,1,1.09,Santosh,Scottie Barnes,0,16,10,10,25,15,13.8,2.49,1.35
10,1,1.10,Pratham,Jalen Johnson,0,8.6,9,14,32,9,9,3.46,2.01
11,2,2.01,Pratham,Cooper Flagg,0,17.3,16,6,23,14,14.5,2.92,1.98
12,2,2.02,Santosh,Donovan Mitchell,0,11.2,7,19,21,12,10.8,4.30,4.39
13,2,2.03,Satvik,Tyrese Maxey,0,12.6,6,7,13,7,6.8,4.97,4.97
14,2,2.04,Surya,Amen Thompson,0,20.1,13,27,16,30,25.8,1.09,0.67
15,2,2.05,Arjun,Tyrese Haliburton,0,21,12,24,65,11,11.3,3.06,4.29
16,2,2.06,Tyler,Karl-Anthony Towns,0,21,19,11,11,13,14.5,3.25,3.20
17,2,2.07,Sameer,Jamal Murray,0,31.4,21,16,33,17,18,3.28,3.62
18,2,2.08,Cristian,Josh Giddey,0,24.1,36,29,27,27,29.3,0.63,0.18
19,2,2.09,Jattan,Devin Booker,0,20.9,40,31,17,25,28.8,1.57,1.51
20,2,2.10,Saksham,Chet Holmgren,0,64.3,51,18,38,18,26.3,1.83,1.70
21,3,3.01,Pratham,Stephen Curry,0,27.7,33,23,18,24,26.3,2.28,4.92
22,3,3.02,Santosh,Kevin Durant,0,19.5,28,12,24,16,19,2.78,3.16
23,3,3.03,Satvik,Alperen Sengun,0,24.4,29,15,30,23,24.5,0.56,-1.02
24,3,3.04,Surya,Jalen Brunson,0,12.9,30,21,19,22,24,1.69,0.91
25,3,3.05,Arjun,Kawhi Leonard,0,28.3,18,17,42,26,24,2.57,6.49
26,3,3.06,Tyler,LaMelo Ball,0,25.8,22,22,29,21,21.3,2.14,2.56
27,3,3.07,Sameer,Evan Mobley,0,36.7,27,32,31,31,30,0.77,0.84
28,3,3.08,Cristian,Austin Reaves,0,39.2,50,20,46,20,27.5,2.32,2.47
29,3,3.09,Jattan,Trae Young,0,24.2,47,26,20,19,26,1.21,-0.13
30,3,3.10,Saksham,Jalen Williams,0,37.4,35,45,28,38,37.3,0.46,0.52
31,4,4.01,Saksham,James Harden,0,27.9,25,40,12,28,27.3,0.99,1.51
32,4,4.02,Jattan,Franz Wagner,0,72.7,65,53,43,50,53.8,-0.52,-0.06
33,4,4.03,Cristian,Jalen Duren,0,33,23,30,54,34,31.3,1.04,1.32
34,4,4.04,Sameer,Trey Murphy III,0,75.1,46,37,61,33,36.3,1.37,2.13
35,4,4.05,Tyler,Bam Adebayo,0,31.1,15,34,26,29,25.5,1.60,1.62
36,4,4.06,Arjun,Domantas Sabonis,0,16.7,32,36,15,36,35,0.78,0.73
37,4,4.07,Surya,Anthony Davis,0,34.1,14,25,9,35,29.8,0.93,4.21
38,4,4.08,Satvik,Derrick White,0,40.4,17,47,47,37,32,0.58,1.05
39,4,4.09,Santosh,Lauri Markkanen,0,55.9,34,44,71,44,41.5,1.12,2.56
40,4,4.10,Pratham,Pascal Siakam,0,30.4,24,48,22,53,45.8,-0.86,-0.75
41,5,5.01,Pratham,Dyson Daniels,0,59.8,38,64,49,61,55.3,-0.89,-0.90
42,5,5.02,Santosh,Walker Kessler,0,78.7,45,28,63,32,35.3,0.23,-0.01
43,5,5.03,Satvik,LeBron James,0,35.6,73,43,10,43,50.5,-0.66,0.05
44,5,5.04,Surya,Tyler Herro,0,70.3,63,63,64,59,60,-0.88,0.21
45,5,5.05,Arjun,Brandon Miller,0,71.5,54,51,93,42,45,0.53,1.08
46,5,5.06,Tyler,Kyrie Irving,0,60.1,48,50,81,46,46.5,0.27,4.09
47,5,5.07,Sameer,Desmond Bane,0,49.5,41,55,41,49,47,0.36,0.58
48,5,5.08,Cristian,Paolo Banchero,0,42.3,75,38,34,55,60,-1.48,-2.64
49,5,5.09,Jattan,Jaren Jackson Jr.,0,91.2,71,54,58,48,53.8,-0.24,0.27
50,5,5.10,Saksham,Cameron Boozer,0,77.2,77,65,114,62,65.8,-1.82,-2.74
51,6,6.01,Saksham,Jaylen Brown,0,33.1,62,33,14,40,45.5,-0.12,-0.92
52,6,6.02,Jattan,Darius Garland,0,49.8,53,58,73,54,53.8,-0.25,0.15
53,6,6.03,Cristian,Donovan Clingan,0,81.9,43,42,96,39,40,-0.19,-1.11
54,6,6.04,Sameer,Jarrett Allen,0,65.9,49,85,53,72,66.3,-1.27,-0.92
55,6,6.05,Tyler,Kon Knueppel,0,42,39,39,74,45,43.5,-0.05,-0.24
56,6,6.06,Arjun,Onyeka Okongwu,0,79,44,57,78,56,53,-0.57,-0.87
57,6,6.07,Surya,Matas Buzelis,0,90.3,59,59,115,83,77,-1.60,-1.02
58,6,6.08,Satvik,Michael Porter Jr.,0,53.2,42,71,51,66,60,-0.27,0.98
59,6,6.09,Santosh,OG Anunoby,0,85.4,68,62,57,63,64.3,-0.57,0.25
60,6,6.10,Pratham,Rudy Gobert,0,81.1,55,80,70,79,73,-2.65,-2.37
61,7,7.01,Pratham,Julius Randle,0,60.5,86,66,68,68,72.5,-2.64,-3.12
62,7,7.02,Santosh,Keyonte George,0,75.8,89,52,100,47,57.5,-0.34,-0.65
63,7,7.03,Satvik,Joel Embiid,0,63.5,88,49,45,51,60.3,-0.45,3.85
64,7,7.04,Surya,Caleb Wilson,0,76.1,56,91,120,84,77,-1.99,-1.77
65,7,7.05,Arjun,Dejounte Murray,0,67.8,57,69,126,60,59.3,-1.62,-2.06
66,7,7.06,Tyler,Ivica Zubac,0,94.7,81,70,35,65,69,-1.45,-1.79
67,7,7.07,Sameer,Mikal Bridges,0,51.6,26,83,56,71,59.8,-1.72,-1.81
68,7,7.08,Cristian,Alex Sarr,0,91.5,61,61,80,57,58,-1.64,-2.18
69,7,7.09,Jattan,De'Aaron Fox,0,52.1,52,93,36,80,73,-2.08,-1.99
70,7,7.10,Saksham,Ty Jerome,0,93,72,112,128,91,86.3,-2.08,-0.76
71,8,8.01,Saksham,Payton Pritchard,0,100.4,98,81,89,76,81.5,-2.23,-2.67
72,8,8.02,Jattan,Dylan Harper,0,80.4,101,86,92,82,86.8,-2.63,-3.16
73,8,8.03,Cristian,Stephon Castle,0,49.4,92,56,62,70,75.5,-3.01,-4.41
74,8,8.04,Sameer,Nickeil Alexander-Walker,0,55.1,31,60,102,52,46.8,0.02,0.04
75,8,8.05,Tyler,Naz Reid,0,66.6,37,67,86,58,52.8,-1.10,-1.45
76,8,8.06,Arjun,Paul George,0,104.5,91,88,85,81,83.5,-1.48,1.59
77,8,8.07,Surya,Damian Lillard,0,71.5,70,74,66,67,67.8,-0.56,1.90
78,8,8.08,Satvik,AJ Dybantsa,0,76.8,85,82,94,89,88,-3.41,-4.19
79,8,8.09,Santosh,Immanuel Quickley,0,106.7,90,117,111,86,87,-2.09,-1.36
80,8,8.10,Pratham,Norman Powell,0,82.5,64,107,90,94,86.5,-2.08,-0.27
81,9,9.01,Pratham,Ausar Thompson,0,103.7,78,100,98,88,85.5,-2.92,-3.23
82,9,9.02,Santosh,Ryan Rollins,0,109.6,105,75,116,69,78,-2.18,-2.85
83,9,9.03,Satvik,VJ Edgecombe,0,84.6,69,68,99,74,72.8,-1.74,-1.74
84,9,9.04,Surya,Josh Hart,0,99.2,97,114,48,97,97,-3.13,-2.32
85,9,9.05,Arjun,Zion Williamson,0,66.3,96,73,37,75,80.3,-2.58,-3.02
86,9,9.06,Tyler,Jaden McDaniels,0,100.6,84,84,82,77,78.8,-1.72,-1.63
87,9,9.07,Sameer,Kel'el Ware,0,107.5,67,78,124,78,75.3,-1.72,-1.63
88,9,9.08,Cristian,Ja Morant,0,85.5,133,99,39,93,103,-3.28,-3.35
89,9,9.09,Jattan,Darryn Peterson,0,108.5,123,105,121,99,105,-3.94,-4.87
90,9,9.10,Saksham,Jalen Suggs,0,,142,131,135,96,107.5,-3.10,-2.72
91,10,10.01,Saksham,Cedric Coward,0,,124,118,,101,106.8,-2.99,-2.92
92,10,10.02,Jattan,Brandon Ingram,0,76,79,76,69,73,74.5,-2.33,-1.52
93,10,10.03,Cristian,Derik Queen,0,102.7,95,92,139,95,95,-3.69,-4.54
94,10,10.04,Sameer,Cason Wallace,0,,109,150,155,138,130.8,-4.39,-4.13
95,10,10.05,Tyler,Coby White,0,98.2,106,97,50,85,90.3,-2.24,-2.03
96,10,10.06,Arjun,Fred VanVleet,0,107.4,74,183,157,123,110.8,-3.97,-2.75
97,10,10.07,Surya,Kevin Porter Jr.,0,,107,161,79,127,122,-3.97,-3.44
98,10,10.08,Satvik,Darius Acuff Jr.,0,108.2,139,134,152,211,193,-6.32,-6.02
99,10,10.09,Santosh,Myles Turner,0,,93,110,60,87,88.5,-2.77,-3.11
100,10,10.10,Pratham,John Collins,0,,99,167,101,115,111,-3.07,-2.10
101,11,11.01,Pratham,Zach Edey,0,,113,72,122,64,76.3,-1.97,-1.64
102,11,11.02,Santosh,Collin Murray-Boyles,0,,174,184,180,120,133.5,-4.62,-5.15
103,11,11.03,Satvik,Jabari Smith Jr.,0,,110,115,129,104,105.5,-3.06,-3.00
104,11,11.04,Surya,Kristaps Porziņģis,0,109.6,80,128,88,110,102.5,-2.51,0.66
105,11,11.05,Arjun,Jalen Green,0,114.6,130,132,55,124,125.5,-4.14,-4.09
106,11,11.06,Tyler,Miles Bridges,0,92.7,76,116,59,107,99.3,-3.04,-2.87
107,11,11.07,Sameer,Mitchell Robinson,0,,115,148,171,180,163.8,-4.90,-4.03
108,11,11.08,Cristian,Peyton Watson,0,,104,154,164,109,107.8,-3.65,-3.99
109,11,11.09,Jattan,Ayo Dosunmu,0,114.1,108,127,154,103,104.3,-3.19,-3.26
110,11,11.10,Saksham,Nic Claxton,0,,119,108,107,92,98.8,-3.81,-4.87
111,12,12.01,Saksham,Khaman Maluach,0,,202,,,150,163,-5.04,-5.01
112,12,12.02,Jattan,Keegan Murray,0,,83,187,123,116,107.8,-3.21,-2.43
113,12,12.03,Cristian,Andrew Wiggins,0,,87,136,77,105,100.5,-2.94,-1.81
114,12,12.04,Sameer,Alex Caruso,0,,137,104,162,256,226.3,-7.19,-6.00
115,12,12.05,Tyler,Brandin Podziemski,0,93.9,66,147,151,102,93,-3.04,-2.98
116,12,12.06,Arjun,Aaron Gordon,0,,154,138,113,143,145.8,-4.91,-4.12
117,12,12.07,Surya,Jakob Poeltl,0,,116,177,76,126,123.5,-4.12,-3.13
118,12,12.08,Satvik,Collin Gillespie,0,,100,194,,137,127.8,-4.36,-4.09
119,12,12.09,Santosh,Reed Sheppard,0,104.2,58,160,91,133,114.3,-3.81,-3.22
120,12,12.10,Pratham,Andrew Nembhard,0,,149,182,97,117,125,-4.72,-5.41
121,13,13.01,Pratham,Isaiah Hartenstein,0,,135,120,112,100,108.8,-3.57,-3.95
122,13,13.02,Santosh,Santi Aldama,0,,171,,131,181,178.5,-5.72,-5.89
123,13,13.03,Satvik,Jeremiah Fears,0,,129,164,168,152,146.3,-5.68,-6.18
124,13,13.04,Surya,Quentin Grimes,0,,118,180,166,134,130,-4.55,-4.65
125,13,13.05,Arjun,CJ McCollum,0,96.5,82,140,84,112,104.5,-3.58,-2.91
126,13,13.06,Tyler,DeMar DeRozan,0,97.4,102,162,44,131,123.8,-4.63,-4.05
127,13,13.07,Sameer,Jaime Jaquez Jr.,0,,148,123,161,119,126.3,-5.19,-6.30
128,13,13.08,Cristian,Zach LaVine,0,,158,175,72,114,125,-3.64,-2.21
129,13,13.09,Jattan,Egor Dëmin,0,,121,185,134,136,132.3,-4.47,-4.34
130,13,13.10,Saksham,Davion Mitchell,0,,175,151,185,128,139.8,-5.36,-6.43
131,14,14.01,Saksham,RJ Barrett,0,112.3,140,137,87,121,125.8,-4.64,-5.18
132,14,14.02,Jattan,Yaxel Lendeborg,0,,173,157,141,142,149.8,-5.71,-6.55
133,14,14.03,Cristian,Kyshawn George,0,,126,143,145,111,114.8,-4.24,-4.98
134,14,14.04,Sameer,Dillon Brooks,0,,138,153,138,155,150.8,-5.19,-4.41
135,14,14.05,Tyler,Toumani Camara,0,,132,172,132,113,117.8,-4.11,-4.46
136,14,14.06,Arjun,Scotty Pippen Jr.,0,,,,,,358,,
137,14,14.07,Surya,Devin Vassell,0,,128,163,119,148,143,-4.61,-4.15
138,14,14.08,Satvik,Jrue Holiday,0,,131,159,140,129,129.5,-5.07,-5.00
139,14,14.09,Santosh,Sandro Mamukelashvili,0,,,155,,118,127.3,-4.07,-4.10
140,14,14.10,Pratham,Day'Ron Sharpe,0,,136,103,,90,101.5,-3.95,-5.21
141,15,15.01,Pratham,Grayson Allen,0,,157,,,166,163.8,-5.25,-4.29
142,15,15.02,Santosh,Ja'Kobe Walter,0,,238,,,284,272.5,-7.30,-6.14
143,15,15.03,Satvik,Jimmy Butler III,0,,214,176,67,177,186.3,-4.16,0.35
144,15,15.04,Surya,Anthony Black,0,,125,174,149,139,135.5,-5.11,-5.49
145,15,15.05,Arjun,Christian Braun,0,,212,169,83,158,171.5,-5.25,-5.37
146,15,15.06,Tyler,Ace Bailey,0,,127,158,136,145,140.5,-5.07,-5.13
147,15,15.07,Sameer,Draymond Green,0,,161,145,106,165,164,-6.17,-6.30
148,15,15.08,Cristian,Tobias Harris,0,,94,191,109,168,149.5,-4.53,-2.68
149,15,15.09,Jattan,Ajay Mitchell,0,,243,144,,132,159.8,-4.89,-5.44
150,15,15.10,Saksham,Collin Sexton,0,,150,170,178,183,174.8,-5.15,-4.35
