pick,round,pick_label,manager,player,kept,espn_adp,espn_category_rank,yahoo_adp,fantasypros_espn_adp,app_adp_estimate,season_value,per_game_value
1,1,1.01,Saksham,Nikola Jokić,0,1.6,1,2,1,1.3,13.10,12.16
2,1,1.02,Jattan,Jalen Johnson,0,8.7,9,14,32,8.9,3.44,2.12
3,1,1.03,Cristian,Luka Dončić,0,3.7,4,3,4,3.9,8.62,9.38
4,1,1.04,Sameer,Victor Wembanyama,0,3.1,2,1,3,2.6,11.50,14.84
5,1,1.05,Tyler,Shai Gilgeous-Alexander,0,2.9,3,4,2,3,10.02,10.02
6,1,1.06,Arjun,Anthony Edwards,0,7.1,5,13,6,6.1,5.51,5.51
7,1,1.07,Surya,Donovan Mitchell,0,11.1,7,19,21,9.1,4.53,4.29
8,1,1.08,Satvik,Cade Cunningham,0,8.1,11,5,7,9.6,3.39,3.20
9,1,1.09,Santosh,Tyrese Maxey,0,12.6,6,7,13,9.3,4.76,4.76
10,1,1.10,Pratham,Cooper Flagg,0,17.5,16,6,23,16.8,2.80,2.40
11,2,2.01,Pratham,Jayson Tatum,0,9.7,8,8,8,8.9,4.94,5.11
12,2,2.02,Santosh,Giannis Antetokounmpo,0,6.1,20,9,5,13.1,2.61,2.63
13,2,2.03,Satvik,Tyrese Haliburton,0,21.1,12,24,65,16.6,2.71,4.49
14,2,2.04,Surya,Amen Thompson,0,20,13,27,16,16.5,2.18,1.15
15,2,2.05,Arjun,Scottie Barnes,0,16.2,10,10,25,13.1,2.78,1.31
16,2,2.06,Tyler,Kawhi Leonard,0,28.4,18,17,42,23.2,3.06,7.03
17,2,2.07,Sameer,Anthony Davis,0,33.5,14,25,9,23.8,1.54,4.25
18,2,2.08,Cristian,Bam Adebayo,0,32,15,34,26,23.5,2.14,1.89
19,2,2.09,Jattan,Jalen Duren,0,32,23,30,54,27.5,1.48,1.43
20,2,2.10,Saksham,LaMelo Ball,0,25.3,22,22,29,23.7,2.20,2.77
21,3,3.01,Pratham,Domantas Sabonis,0,17.7,32,36,15,24.9,1.39,0.83
22,3,3.02,Santosh,Kevin Durant,0,20.4,28,12,24,24.2,2.44,3.28
23,3,3.03,Satvik,Karl-Anthony Towns,0,20.6,19,11,11,19.8,2.56,3.00
24,3,3.04,Surya,Jalen Brunson,0,13.4,30,21,19,21.7,1.76,0.90
25,3,3.05,Arjun,James Harden,0,28,25,40,12,26.5,0.94,1.12
26,3,3.06,Tyler,Jamal Murray,0,31.9,21,16,33,26.5,2.88,3.96
27,3,3.07,Sameer,Derrick White,0,41.2,17,47,47,29.1,1.05,1.23
28,3,3.08,Cristian,Evan Mobley,0,37.3,27,32,31,32.2,0.70,0.66
29,3,3.09,Jattan,Pascal Siakam,0,30.5,24,48,22,27.3,0.16,-0.63
30,3,3.10,Saksham,Alperen Sengun,0,25,29,15,30,27,0.54,-0.80
31,4,4.01,Saksham,Josh Giddey,0,24.8,36,29,27,30.4,0.67,0.29
32,4,4.02,Jattan,Stephen Curry,0,27.4,33,23,18,30.2,2.17,4.98
33,4,4.03,Cristian,Kon Knueppel,0,39,39,39,74,39,0.39,-0.08
34,4,4.04,Sameer,Devin Booker,0,20.7,40,31,17,30.4,1.39,1.48
35,4,4.05,Tyler,Austin Reaves,0,39.8,50,20,46,44.9,1.63,2.93
36,4,4.06,Arjun,Lauri Markkanen,0,58.3,34,44,71,46.2,1.50,3.02
37,4,4.07,Surya,Trae Young,0,23.5,47,26,20,35.3,0.96,0.69
38,4,4.08,Satvik,Deni Avdija,0,35.8,60,35,52,47.9,-0.36,-0.79
39,4,4.09,Santosh,Mikal Bridges,0,52.1,26,83,56,39.1,-0.50,-2.00
40,4,4.10,Pratham,Jaylen Brown,0,32.5,62,33,14,47.3,-0.01,-0.57
41,5,5.01,Pratham,Desmond Bane,0,50.5,41,55,41,45.8,0.66,0.66
42,5,5.02,Santosh,Nickeil Alexander-Walker,0,56.4,31,60,102,43.7,0.85,1.01
43,5,5.03,Satvik,Jalen Williams,0,40,35,45,28,37.5,0.64,0.71
44,5,5.04,Surya,Dyson Daniels,0,61.1,38,64,49,49.6,-0.10,-0.39
45,5,5.05,Arjun,Trey Murphy III,0,76.9,46,37,61,61.5,0.67,2.39
46,5,5.06,Tyler,Michael Porter Jr.,0,54.1,42,71,51,48.1,0.69,1.68
47,5,5.07,Sameer,Naz Reid,0,68.4,37,67,86,52.7,-0.46,-0.91
48,5,5.08,Cristian,LeBron James,0,34.4,73,43,10,53.7,-0.91,-0.06
49,5,5.09,Jattan,Onyeka Okongwu,0,81,44,57,78,62.5,-0.63,-0.70
50,5,5.10,Saksham,Darius Garland,0,50.5,53,58,73,51.8,0.03,0.55
51,6,6.01,Saksham,De'Aaron Fox,0,51.9,52,93,36,52,-1.08,-1.99
52,6,6.02,Jattan,Jarrett Allen,0,67.5,49,85,53,58.3,-0.72,-1.21
53,6,6.03,Cristian,Tyler Herro,0,71.6,63,63,64,67.3,-0.85,0.20
54,6,6.04,Sameer,Julius Randle,0,61.8,86,66,68,73.9,-2.47,-2.63
55,6,6.05,Tyler,Chet Holmgren,0,65.7,51,18,38,58.4,0.46,2.01
56,6,6.06,Arjun,Paolo Banchero,0,42.7,75,38,34,58.9,-1.61,-2.76
57,6,6.07,Surya,Dejounte Murray,0,69,57,69,126,63,-1.22,-1.51
58,6,6.08,Satvik,Kyrie Irving,0,60.5,48,50,81,54.3,0.31,4.30
59,6,6.09,Santosh,Stephon Castle,0,50.3,92,56,62,71.2,-2.74,-4.07
60,6,6.10,Pratham,Walker Kessler,0,81.4,45,28,63,63.2,-0.54,0.18
61,7,7.01,Pratham,Rudy Gobert,0,82.2,55,80,70,68.6,-2.07,-2.28
62,7,7.02,Santosh,Norman Powell,0,84.3,64,107,90,74.2,-1.34,0.03
63,7,7.03,Satvik,Alex Sarr,0,91.9,61,61,80,76.5,-1.85,-1.67
64,7,7.04,Surya,Brandon Ingram,0,74.2,79,76,69,76.6,-1.99,-1.79
65,7,7.05,Arjun,Brandon Miller,0,74.9,54,51,93,64.5,0.22,1.61
66,7,7.06,Tyler,Donovan Clingan,0,83.5,43,42,96,63.3,-0.54,-0.51
67,7,7.07,Sameer,Franz Wagner,0,75.1,65,53,43,70.1,-1.10,-0.20
68,7,7.08,Cristian,Caleb Wilson,0,77.4,56,91,120,66.7,-1.48,-2.16
69,7,7.09,Jattan,Damian Lillard,0,75.1,70,74,66,72.6,-0.80,1.63
70,7,7.10,Saksham,Keegan Murray,0,,83,187,123,83,-2.26,-2.41
71,8,8.01,Saksham,Brandin Podziemski,0,94.9,66,147,151,80.5,-2.32,-2.66
72,8,8.02,Jattan,OG Anunoby,0,86.4,68,62,57,77.2,-1.08,-0.01
73,8,8.03,Cristian,CJ McCollum,0,97.6,82,140,84,89.8,-2.96,-2.71
74,8,8.04,Sameer,VJ Edgecombe,0,86.1,69,68,99,77.6,-1.62,-1.45
75,8,8.05,Tyler,Matas Buzelis,0,92,59,59,115,75.5,-0.95,-0.23
76,8,8.06,Arjun,Keyonte George,0,77.5,89,52,100,83.3,-1.14,0.02
77,8,8.07,Surya,Collin Gillespie,0,,100,194,,100,-2.76,-2.76
78,8,8.08,Satvik,Joel Embiid,0,64.3,88,49,45,76.2,-0.87,4.09
79,8,8.09,Santosh,Jaren Jackson Jr.,0,91.8,71,54,58,81.4,-0.87,0.99
80,8,8.10,Pratham,Ty Jerome,0,94.2,72,112,128,83.1,-1.66,-0.46
81,9,9.01,Pratham,Kel'el Ware,0,108.7,67,78,124,87.9,-1.41,-0.45
82,9,9.02,Santosh,Andrew Wiggins,0,,87,136,77,87,-2.51,-1.77
83,9,9.03,Satvik,Cameron Boozer,0,78.4,77,65,114,77.7,-2.38,-2.97
84,9,9.04,Surya,Miles Bridges,0,93.9,76,116,59,85,-2.69,-3.18
85,9,9.05,Arjun,Fred VanVleet,0,107.9,74,183,157,91,-3.29,-2.88
86,9,9.06,Tyler,Ivica Zubac,0,94.2,81,70,35,87.6,-2.05,-1.66
87,9,9.07,Sameer,Dylan Harper,0,82.1,101,86,92,91.6,-2.69,-2.83
88,9,9.08,Cristian,Myles Turner,0,,93,110,60,93,-2.77,-2.92
89,9,9.09,Jattan,Reed Sheppard,0,105,58,160,91,81.5,-2.02,-2.02
90,9,9.10,Saksham,AJ Dybantsa,0,78,85,82,94,81.5,-3.75,-5.48
91,10,10.01,Saksham,Immanuel Quickley,0,107.5,90,117,111,98.8,-2.23,-1.32
92,10,10.02,Jattan,Peyton Watson,0,,104,154,164,104,-3.43,-3.94
93,10,10.03,Cristian,John Collins,0,,99,167,101,99,-2.70,-2.55
94,10,10.04,Sameer,Josh Hart,0,99.1,97,114,48,98.1,-3.24,-2.77
95,10,10.05,Tyler,Paul George,0,104.9,91,88,85,98,-1.58,1.87
96,10,10.06,Arjun,Ausar Thompson,0,104.5,78,100,98,91.3,-2.72,-2.76
97,10,10.07,Surya,Jaden McDaniels,0,101,84,84,82,92.5,-2.04,-1.45
98,10,10.08,Satvik,DeMar DeRozan,0,97.6,102,162,44,99.8,-3.88,-4.20
99,10,10.09,Santosh,Brook Lopez,0,,112,77,,112,-4.50,-5.02
100,10,10.10,Pratham,Zion Williamson,0,67,96,73,37,81.5,-2.62,-2.91
101,11,11.01,Pratham,Ayo Dosunmu,0,114.5,108,127,154,111.3,-3.28,-3.43
102,11,11.02,Santosh,Ja Morant,0,86.6,133,99,39,109.8,-3.28,-3.09
103,11,11.03,Satvik,Allen Graves,0,,,102,,102,-5.59,-8.41
104,11,11.04,Surya,Tobias Harris,0,,94,191,109,94,-3.05,-2.65
105,11,11.05,Arjun,Derik Queen,0,103.9,95,92,139,99.5,-3.38,-3.99
106,11,11.06,Tyler,Kristaps Porziņģis,0,107.6,80,128,88,93.8,-2.07,0.94
107,11,11.07,Sameer,Nikola Vučević,0,,103,141,40,103,-3.84,-4.04
108,11,11.08,Cristian,Ace Bailey,0,,127,158,136,127,-4.36,-4.68
109,11,11.09,Jattan,Daniel Gafford,0,,114,109,130,114,-3.63,-3.69
110,11,11.10,Saksham,Kevin Porter Jr.,0,,107,161,79,107,-2.88,-2.33
111,12,12.01,Saksham,Russell Westbrook,0,,109,,153,109,-4.92,-6.01
112,12,12.02,Jattan,Coby White,0,98.7,106,97,50,102.4,-2.40,-1.92
113,12,12.03,Cristian,Jay Huff,0,,,119,,119,-3.54,-3.44
114,12,12.04,Sameer,Egor Dëmin,0,,121,185,134,121,-3.68,-3.64
115,12,12.05,Tyler,Zach Edey,0,,113,72,122,113,-2.49,-0.76
116,12,12.06,Arjun,Darryn Peterson,0,109.2,123,105,121,116.1,-4.61,-5.78
117,12,12.07,Surya,Darius Acuff Jr.,0,109.6,139,134,152,124.3,-5.73,-7.52
118,12,12.08,Satvik,Payton Pritchard,0,101.5,98,81,89,99.8,-2.75,-2.73
119,12,12.09,Santosh,Nic Claxton,0,,119,108,107,119,-4.25,-4.86
120,12,12.10,Pratham,Oso Ighodaro,0,,122,,,122,-5.62,-7.52
121,13,13.01,Pratham,Alex Caruso,0,,137,104,162,137,-5.46,-6.00
122,13,13.02,Santosh,Cason Wallace,0,,109,150,155,109,-3.17,-3.26
123,13,13.03,Satvik,Justin Champagnie,0,,,,,170,-5.20,-5.08
124,13,13.04,Surya,Cedric Coward,0,,124,118,,124,-3.17,-2.37
125,13,13.05,Arjun,Anthony Black,0,,125,174,149,125,-4.47,-4.98
126,13,13.06,Tyler,Jabari Smith Jr.,0,,110,115,129,110,-2.88,-2.67
127,13,13.07,Sameer,Jakob Poeltl,0,,116,177,76,116,-3.74,-3.08
128,13,13.08,Cristian,Jake LaRavia,0,,120,,,120,-4.52,-5.39
129,13,13.09,Jattan,Jeremiah Fears,0,,129,164,168,129,-4.79,-5.51
130,13,13.10,Saksham,Kyshawn George,0,,126,143,145,126,-4.39,-4.81
131,14,14.01,Saksham,Ryan Rollins,0,110.4,105,75,116,107.7,-2.57,-2.11
132,14,14.02,Jattan,Quentin Grimes,0,,118,180,166,118,-3.88,-4.20
133,14,14.03,Cristian,Jalen Green,0,113.8,130,132,55,121.9,-4.01,-4.26
134,14,14.04,Sameer,Dillon Brooks,0,,138,153,138,138,-4.84,-4.58
135,14,14.05,Tyler,Julian Champagnie,0,,111,165,163,111,-3.50,-3.87
136,14,14.06,Arjun,Neemias Queta,0,,117,124,147,117,-3.25,-2.99
137,14,14.07,Surya,Tari Eason,0,,176,,142,176,-5.33,-5.32
138,14,14.08,Satvik,Keldon Johnson,0,,152,,,152,-5.39,-5.86
139,14,14.09,Santosh,RJ Barrett,0,112.8,140,137,87,126.4,-4.57,-5.20
140,14,14.10,Pratham,Day'Ron Sharpe,0,,136,103,,136,-4.47,-4.70
141,15,15.01,Pratham,Jrue Holiday,0,,131,159,140,131,-4.62,-4.33
142,15,15.02,Santosh,Toumani Camara,0,,132,172,132,132,-4.26,-4.36
143,15,15.03,Satvik,Saddiq Bey,0,,134,190,167,134,-4.56,-4.92
144,15,15.04,Surya,Royce O'Neale,0,,155,,,155,-5.72,-5.64
145,15,15.05,Arjun,Jerami Grant,0,,147,,176,147,-4.81,-4.05
146,15,15.06,Tyler,Cameron Johnson,0,,141,126,186,141,-3.85,-3.13
147,15,15.07,Sameer,Kyle Filipowski,0,,145,173,183,145,-5.99,-7.29
148,15,15.08,Cristian,Mitchell Robinson,0,,115,148,171,115,-3.64,-3.46
149,15,15.09,Jattan,Cam Spencer,0,,143,,,143,-7.28,-9.97
150,15,15.10,Saksham,Jalen Suggs,0,,142,131,135,142,-3.69,-2.55
